idx,qtag,barcode,mcountsPF,readsPF,percent_mcountsPF
CS-V11,q26,GTTTAAG,2222,2312,14.686054197
CS-V11,q26,CCACTTT,1884,1946,12.4520819564
CS-V11,q25,TTTTGGG,1762,1813,11.6457369465
CS-V11,q23,TCGTGTA,1729,1800,11.4276272307
CS-V11,q27,CCGGGGG,1589,1636,10.5023132849
CS-V11,q25,TTGCGCT,1588,1632,10.4957038995
CS-V11,q27,CTGAAGG,1476,1526,9.75545274289
CS-V11,q27,CTAGCTT,1440,1483,9.51751487112
CS-V11,q25,AACGGGG,1440,1479,9.51751487112
CS-V20,q24,TTCCCGT,8127,8751,23.2034261242
CS-V20,q19,TCTGGCG,6107,6543,17.4361170592
CS-V20,q27,GTCCTTA,5542,5903,15.8229835832
CS-V20,q27,GCGGGTG,3108,3264,8.87366167024
CS-V20,q19,CGGACTT,2926,3085,8.35403283369
CS-V20,q23,GAGGCAA,2496,2605,7.12633832976
CS-V20,q23,TTCGTGT,2280,2379,6.5096359743
CS-V20,q25,GGAGGGG,2265,2335,6.46680942184
CS-V20,q25,TAGTTGA,2174,2256,6.20699500357
CS-V24,q19,CCGCAGC,5884,6315,27.7743686571
CS-V24,q24,TGTGTTT,5231,5592,24.6919990559
CS-V24,q23,TTTCCCG,5224,5625,24.6589568091
CS-V24,q23,GCACTGA,4846,5182,22.8746754779
CS-V25,q25,TGTATGG,1201,1238,30.5753564155
CS-V25,q23,GGCAATC,921,943,23.4470468432
CS-V25,q19,GCGTAGC,905,933,23.0397148676
CS-V25,q27,GCTTGTC,901,919,22.9378818737
CS-V26,q25,CTAAGAT,273,278,27.1371769384
CS-V26,q19,AGTTGTG,249,251,24.7514910537
CS-V26,q27,GGGTAAG,246,253,24.4532803181
CS-V26,q26,TGGACCA,238,242,23.6580516899
CS-V27,q27,TCTAGAG,1025,1045,27.9825279825
CS-V27,q23,CAGGCAG,997,1019,27.2181272181
CS-V27,q27,TTGGGGG,822,835,22.4406224406
CS-V27,q27,CGTTCCA,819,844,22.3587223587
CS-V29,q27,ACGTGTT,1345,1386,21.8202465931
CS-V29,q24,TGATAAT,1328,1372,21.5444516548
CS-V29,q27,GCGGGGG,1232,1260,19.9870214147
CS-V29,q19,AAGGCAG,1171,1207,18.9974042829
CS-V29,q26,GGGACTT,1088,1123,17.6508760545
CS-V30,q27,CTGTTCA,1189,1234,23.5959515777
CS-V30,q25,TGTGTGT,1097,1129,21.7701924985
CS-V30,q27,TACTTAT,1010,1033,20.0436594562
CS-V30,q27,ACTGCTT,981,1007,19.4681484422
CS-V30,q25,CGTGTCG,762,777,15.1220480254
