idx,qtag,barcode,mcountsPF,readsPF,percent_mcountsPF
1,q25,TTGCTTC,21979,23011,100.0
180-10,q19,TTGTGGC,3516,4600,63.7880986938
180-10,q24,CGGTGTG,878,1104,15.9288824383
180-10,q19,TATGTTC,163,186,2.95718432511
180-10,q24,TTTGGGA,152,174,2.75761973875
180-10,q19,ATGATGG,134,164,2.43105950653
180-10,q19,GTCTTCA,128,169,2.32220609579
180-10,q19,GGGGATA,127,162,2.30406386067
180-10,q25,CGTGAAC,114,151,2.06821480406
180-10,q19,GTTGAAT,104,139,1.88679245283
180-10,q24,GTTCCTC,101,129,1.83236574746
180-10,q24,TCGCCCC,95,116,1.72351233672
180-12,q19,TTGTGGC,1453,1616,67.2685185185
180-12,q24,CGGTGTG,707,746,32.7314814815
2,q24,GGTTGAT,61172,68931,100.0
20,q19,GATCCAT,189720,465296,100.0
21,q23,GTTTCTG,13552,13456,100.0
22,q23,GTTTCTG,166365,339984,100.0
23,q24,GCGTCTC,15262,15289,100.0
24,q24,GGGATAT,21939,22133,100.0
25,q19,TGTATGG,42568,48312,100.0
26,q19,TGTATGG,21539,22583,100.0
27,q19,ATCCTTT,24880,26404,100.0
28,q23,GTTTCTG,28217,29812,45.7666980245
28,q19,TGTATGG,21353,21946,34.6336004152
28,q24,GGGATAT,12084,11757,19.5997015603
29,q19,GGTGGGC,68425,78713,100.0
3,q24,GAGTGTG,14220,13854,59.0139442231
3,q23,AGTTATT,9876,9396,40.9860557769
4,q23,GTTTCTG,28058,30154,100.0
5,q19,GAACTTC,103126,149848,100.0
6,q23,GTTTCTG,23803,24691,100.0
7,q23,ATTGTGT,28025,28960,100.0
