idx,qtag,barcode,mcountsPF,readsPF,percent_mcountsPF
18014-01,q25,TTGCTTC,21979,23011,100.0
18014-02,q24,GGTTGAT,61172,68931,100.0
18014-03,q24,GAGTGTG,14220,13854,59.0139442231
18014-03,q23,AGTTATT,9876,9396,40.9860557769
18014-04,q23,GTTTCTG,28058,30154,100.0
18014-05,q19,GAACTTC,103126,149848,100.0
18014-06,q23,GTTTCTG,23803,24691,100.0
18014-07,q23,ATTGTGT,28025,28960,100.0
18014-10,q19,TTGTGGC,3516,4600,80.0182066454
18014-10,q24,CGGTGTG,878,1104,19.9817933546
18014-12,q19,TTGTGGC,1453,1616,67.2685185185
18014-12,q24,CGGTGTG,707,746,32.7314814815
18014-20,q19,GATCCAT,189720,465296,100.0
18014-21,q23,GTTTCTG,13552,13456,100.0
18014-22,q23,GTTTCTG,166365,339984,100.0
18014-23,q24,GCGTCTC,15262,15289,100.0
18014-24,q24,GGGATAT,21939,22133,100.0
18014-25,q19,TGTATGG,42568,48312,100.0
18014-26,q19,TGTATGG,21539,22583,100.0
18014-27,q19,ATCCTTT,24880,26404,100.0
18014-28,q23,GTTTCTG,28217,29812,45.7666980245
18014-28,q19,TGTATGG,21353,21946,34.6336004152
18014-28,q24,GGGATAT,12084,11757,19.5997015603
18014-29,q19,GGTGGGC,68425,78713,100.0
